COGNOME;NOME;EMAIL;TELEFONO;
"Pucciotti";"Salverina";"salverina91@hotmail.it";"3464778855"
"Caccamo";"Frediano";"caccamo-frediano@yahoo.com";"3479549216"
"Valente";"Rutilia";"rutilia63@yahoo.com";"3491046846"
"Haryadi";"Gogliardo";"gogliardo.haryadi@gmail.com";"3454320902"
"Orlandi";"Florigia";"florigia91@yahoo.com";"3453078563"
"Giorgio";"Bovo";"giorgio-bo@tim.it";"3499278167"
"D'emilia";"Valdemaro";"valdemaro42@tim.it";"3461002905"
"Arena";"Ansaldo";"ansaldo@hotmail.it";"3498208892"
"Leone";"Violanta";"v1.l30n3@yahoo.com";"3471081658"
"Castelli";"Lambertina";"castelli-lambertina@yahoo.com";"3476622526"
"Papaleo";"Febo";"febo-papaleo@yahoo.com";"3475515932"
"Di Pasquale";"Benizio";"b3n1z10-d1p4squ4l3@tim.it";"3453274709"
"Carpi Marasco";"Offerto";"offerto@hotmail.it";"3463452975"
"Zito";"Piercarlo";"9863152992@gmail.com";"3472862850"
"Cattaneo";"Querina";"querina62@gmail.com";"3463098261"
"Ferri";"Trofimena";"trofimena-ferri@virgilio.it";"3480388123"
"Palazzari";"Jago";"palazzari.jago@tim.it";"3462250704"
"Manchia";"Marcantonio";"ma-manchia@virgilio.it";"3453751548"
"Alam";"Severiano";"severiano36@virgilio.it";"3486770260"
"Moukrim";"Evaristo";"evaristo43@tim.it";"3495423898"
"De Santis";"Elettro";"e.desantis@virgilio.it";"3471352027"
"Kellmann";"Ercolina";"erco.kellmann@gmail.com";"3490833083"
"Gori";"Giosaffatte";"giosaffatte59@hotmail.com";"3479880431"
"Bentivegna";"Faisa";"faisa@tim.it";"3480598645"
"Guerra";"Tesolina";"guerra-t@tim.it";"3474500747"
"Gentile";"Corso";"corso06@tim.it";"3497042436"
"Medda";"Zilda";"z-medda@libero.it";"3462725725"
"Costantini";"Orsina";"orsi-costantini@hotmail.it";"3469907359"
"Odigwe";"Oprando";"0-0d1gw3@libero.it";"3497533302"
"Corrado";"Felda";"868897@yahoo.com";"3460436266"
"Carullo";"Alberice";"carullo-alberice@yahoo.com";"3499623317"
"Tronconi";"Rosmaldo";"tronconi@libero.it";"3481139504"
"Rocchi";"Gisulfo";"rocchi-gisulfo@alice.it";"3497665381"
"Hossain";"Nolberto";"nolberto-hossain@libero.it";"3473128429"
"Guerra";"Arsenio";"guerra.arse@yahoo.com";"3464504861"
"Giorgi";"Marianita";"marianita-giorgi@gmail.com";"3477502236"
"Pacini";"Geppina";"geppina.pacini@alice.it";"3486155271"
"Niane";"Juri";"niane.juri@yahoo.com";"3493793316"
"Graffiedi";"Appia";"appi.graffiedi@yahoo.com";"3475832442"
"Bruni";"Leano";"bruni73@libero.it";"3457964879"
"Zenina";"Licinio";"zenina-l@alice.it";"3464682989"
"Simonetti";"Estelio";"estelio46@hotmail.it";"3459872150"
"D'alessandro";"Cirilla";"0538155189@libero.it";"3483199454"
"Sposato";"Valtero";"valtero-sposato@tim.it";"3488464319"
"Piras";"Veneziano";"veneziano91@libero.it";"3457588717"
"Bruni";"Marietto";"m4.brun1@hotmail.com";"3458005008"
"Sasvari";"Lallo";"sasvari55@virgilio.it";"3498151322"
"Costa";"Salutina";"costa58@alice.it";"3451924356"
"Luzzi";"Guerino";"luzzi78@hotmail.com";"3499308275"
"Gubinelli";"Giorlandina";"giorlandina@hotmail.it";"3463098445"
"Serra";"Geronima";"614984@alice.it";"3479952178"
"Bugli";"Claudia";"cla-bugli@hotmail.it";"3470914667"
"Marini";"Verther";"64345064@yahoo.com";"3478812331"
"Napoli";"Numa";"nu.napoli@hotmail.it";"3480102790"
"Gindre";"Reovaldo";"gindre.reovaldo@gmail.com";"3490286155"
"Zeolla";"Gavina";"zeolla06@libero.it";"3499770990"
"Vidanalage";"Rosa";"rosa-vidanalage@hotmail.com";"3452591089"
"Olivieri";"Amalia";"a-olivieri@yahoo.com";"3461279455"
"Vassura";"Armeno";"a-vassura@gmail.com";"3471103771"
"Ermeti";"Palmarino";"pa-ermeti@yahoo.com";"3484429628"
"Callegarini";"Fedelinda";"fe-callegarini@alice.it";"3497443386"
"Harroud";"Fenella";"fenella-harroud@hotmail.it";"3484213431"
"Colle";"Tommasina";"colle-t@hotmail.com";"3471189453"
"Basile";"Oliede";"oliede43@gmail.com";"3465996841"
"Marra";"Redano";"marra07@hotmail.com";"3476116564"
"Celotti";"Oselio";"37998989856@gmail.com";"3496378391"
"Naci";"Amelina";"naci-amelina@hotmail.it";"3493076207"
"Proietti";"Neddo";"n.proietti@alice.it";"3496879404"
"Bugli";"Giliante";"giliante.bugli@hotmail.it";"3467167490"
"Curcio";"Arduino";"arduino34@gmail.com";"3494527145"
"Vaccaro";"Fausta";"vaccaro.fa@alice.it";"3493550088"
"Baldari";"Sistilia";"sistilia-baldari@tim.it";"3480243944"
"Apa";"Ronzino";"apa81@alice.it";"3491870300"
"Bellinzoni";"Saverio";"b3ll1nz0n1-s4v3r10@hotmail.it";"3451792997"
"Milani";"Iovanni";"i.milani@yahoo.com";"3476838373"
"Milutinovic";"Mirto";"mirto-milutinovic@hotmail.it";"3452258082"
"Errichetti";"Addolorato";"3rr1ch3tt1.4dd0@virgilio.it";"3480153158"
"Conti";"Brasilino";"brasilino-conti@hotmail.com";"3456763350"
"Iacobelli";"Egizio";"iacobelli.e@yahoo.com";"3465690303"
"Martini";"Contrano";"martini92@libero.it";"3450411914"
"Baldinotti";"Cunegonda";"cunegonda67@libero.it";"3464043098"
"Bellino";"Bonafede";"bonafede.bellino@hotmail.it";"3476408298"
"Popovici";"Rosalio";"popovici.rosalio@tim.it";"3496782040"
"Di Santo";"Gigliano";"gigliano01@gmail.com";"3456624559"
"Gori";"Desidera";"desidera@hotmail.it";"3452208432"
"Wenz";"Ruttilio";"ruttilio@yahoo.com";"3469832511"
"Sassetti";"Marila";"marila52@alice.it";"3480059501"
"Romano";"Flavia";"romano.flavia@virgilio.it";"3462719449"
"Costantini";"Bonifacio";"costantini47@alice.it";"3485311614"
"Martys";"Morino";"morino85@hotmail.it";"3459402654"
"Baronti";"Ezzelina";"ezzelina.baronti@hotmail.com";"3452691636"
"Disabato";"Norberto";"disabato85@gmail.com";"3480238563"
"Villani";"Erode";"villani-ero@tim.it";"3488698249"
"Iacobelli";"Ponziana";"ponziana06@virgilio.it";"3483665100"
"Bento Da Silva";"Esuperio";"esuperio22@hotmail.com";"3456265434"
"Colli";"Aldisio";"aldisio-colli@virgilio.it";"3458094277"
"Lanconelli";"Evasia";"lanconelli@libero.it";"3485174102"
"Di Ruzza";"Reginaldo";"r-d1ruzz4@alice.it";"3461843531"
"Di Renna";"Cleonice";"cleonice31@hotmail.com";"3472466422"
"Donatantonio";"Ostiglio";"donatantonio-ostiglio@yahoo.com";"3493573689"